,PassengerId,Survived,Pclass,Sex,Fare_q,Age,SibSp,Parch
0,1,0.0,3,0,1,22.0,0,0
1,3,1.0,3,1,3,26.0,0,0
2,5,0.0,3,0,1,35.0,0,0
4,7,0.0,1,0,9,54.0,0,0
5,12,1.0,1,1,7,58.0,0,0
6,13,0.0,3,0,1,20.0,0,0
7,15,0.0,3,1,1,14.0,0,0
8,16,1.0,2,1,6,55.0,0,0
11,21,0.0,2,0,7,35.0,0,0
12,22,1.0,2,0,5,34.0,0,0
13,23,1.0,3,1,3,15.0,0,0
14,24,1.0,1,0,8,28.0,0,0
18,31,0.0,1,0,8,40.0,0,0
20,34,0.0,2,0,1,66.0,0,0
22,38,0.0,3,0,1,21.0,0,0
23,41,0.0,3,1,4,40.0,0,0
25,45,1.0,3,1,3,19.0,0,0
30,52,0.0,3,0,2,21.0,0,0
32,57,1.0,2,1,1,21.0,0,0
33,58,0.0,3,0,1,28.5,0,0
34,61,0.0,3,0,1,22.0,0,0
35,62,1.0,1,1,10,38.0,0,0
38,67,1.0,2,1,1,29.0,0,0
39,68,0.0,3,0,4,19.0,0,0
40,69,1.0,3,1,3,17.0,0,0
41,70,0.0,3,0,4,26.0,0,0
42,71,0.0,2,0,1,32.0,0,0
43,73,0.0,2,0,9,21.0,0,0
44,75,1.0,3,0,9,32.0,0,0
45,76,0.0,3,0,2,25.0,0,0
48,80,1.0,3,1,5,30.0,0,0
49,81,0.0,3,0,4,22.0,0,0
50,82,1.0,3,0,4,29.0,0,0
52,84,0.0,1,0,9,28.0,0,0
53,85,1.0,2,1,1,17.0,0,0
55,90,0.0,3,0,1,24.0,0,0
56,91,0.0,3,0,1,29.0,0,0
57,92,0.0,3,0,1,20.0,0,0
58,95,0.0,3,0,1,59.0,0,0
60,97,0.0,1,0,8,71.0,0,0
61,101,0.0,3,1,3,28.0,0,0
63,104,0.0,3,0,4,33.0,0,0
64,105,0.0,3,0,3,37.0,0,0
65,106,0.0,3,0,3,28.0,0,0
66,107,1.0,3,1,2,21.0,0,0
68,109,0.0,3,0,3,38.0,0,0
70,111,0.0,1,0,9,47.0,0,0
71,113,0.0,3,0,1,22.0,0,0
72,114,0.0,3,1,4,20.0,0,0
73,115,0.0,3,1,6,17.0,0,0
74,116,0.0,3,0,3,21.0,0,0
75,117,0.0,3,0,2,70.5,0,0
77,124,1.0,2,1,5,32.5,0,0
79,128,1.0,3,0,1,24.0,0,0
81,130,0.0,3,0,1,45.0,0,0
82,131,0.0,3,0,3,33.0,0,0
83,132,0.0,3,0,1,20.0,0,0
84,135,0.0,2,0,5,25.0,0,0
85,136,0.0,2,0,6,23.0,0,0
86,137,1.0,1,1,7,19.0,0,0
87,139,0.0,3,0,4,16.0,0,0
88,140,0.0,1,0,10,24.0,0,0
89,142,1.0,3,1,2,22.0,0,0
90,144,0.0,3,0,1,19.0,0,0
91,145,0.0,2,0,5,18.0,0,0
92,146,0.0,2,0,8,19.0,0,0
93,147,1.0,3,0,2,27.0,0,0
94,150,0.0,2,0,5,42.0,0,0
95,151,0.0,2,0,5,51.0,0,0
96,153,0.0,3,0,1,55.5,0,0
98,157,1.0,3,1,2,16.0,0,0
99,158,0.0,3,0,1,30.0,0,0
101,162,1.0,2,1,6,40.0,0,0
102,163,0.0,3,0,2,26.0,0,0
103,164,0.0,3,0,4,17.0,0,0
106,170,0.0,3,0,9,28.0,0,0
107,171,0.0,1,0,8,61.0,0,0
108,174,0.0,3,0,3,21.0,0,0
109,175,0.0,1,0,8,56.0,0,0
110,176,0.0,3,0,1,18.0,0,0
112,178,0.0,1,1,8,50.0,0,0
113,179,0.0,2,0,5,30.0,0,0
114,180,0.0,3,0,1,36.0,0,0
118,188,1.0,1,0,7,45.0,0,0
119,190,0.0,3,0,3,36.0,0,0
120,191,1.0,2,1,5,32.0,0,0
121,192,0.0,2,0,5,19.0,0,0
122,193,1.0,3,1,1,19.0,0,0
123,195,1.0,1,1,8,44.0,0,0
124,196,1.0,1,1,10,58.0,0,0
126,198,0.0,3,0,4,42.0,0,0
128,200,0.0,2,1,5,24.0,0,0
129,201,0.0,3,0,4,28.0,0,0
130,203,0.0,3,0,1,34.0,0,0
131,204,0.0,3,0,1,45.5,0,0
132,205,1.0,3,0,1,18.0,0,0
133,208,1.0,3,0,6,26.0,0,0
134,209,1.0,3,1,2,16.0,0,0
135,210,1.0,1,0,8,40.0,0,0
136,211,0.0,3,0,1,24.0,0,0
137,212,1.0,2,1,6,35.0,0,0
138,213,0.0,3,0,1,22.0,0,0
139,214,0.0,2,0,5,30.0,0,0
141,217,1.0,3,1,3,27.0,0,0
142,218,0.0,2,0,8,42.0,0,0
143,219,1.0,1,1,9,32.0,0,0
144,220,0.0,2,0,1,30.0,0,0
145,221,1.0,3,0,1,16.0,0,0
146,222,0.0,2,0,5,27.0,0,0
147,223,0.0,3,0,1,51.0,0,0
149,226,0.0,3,0,4,22.0,0,0
150,227,1.0,2,0,1,19.0,0,0
151,228,0.0,3,0,1,20.5,0,0
152,229,0.0,2,0,5,18.0,0,0
154,232,0.0,3,0,2,29.0,0,0
155,233,0.0,2,0,5,59.0,0,0
156,235,0.0,2,0,1,24.0,0,0
158,239,0.0,2,0,1,19.0,0,0
159,240,0.0,2,0,5,33.0,0,0
161,243,0.0,2,0,1,29.0,0,0
162,244,0.0,3,0,1,22.0,0,0
163,245,0.0,3,0,1,30.0,0,0
164,247,0.0,3,1,2,25.0,0,0
166,253,0.0,1,0,7,62.0,0,0
168,258,1.0,1,1,10,30.0,0,0
169,259,1.0,1,1,1,35.0,0,0
170,260,1.0,2,1,7,50.0,0,0
172,264,0.0,1,0,1,40.0,0,0
174,266,0.0,2,0,1,36.0,0,0
175,268,1.0,3,0,2,25.0,0,0
176,270,1.0,1,1,10,35.0,0,0
178,272,1.0,3,0,1,25.0,0,0
179,274,0.0,1,0,8,37.0,0,0
181,276,1.0,1,1,9,63.0,0,0
182,277,0.0,3,1,2,45.0,0,0
184,281,0.0,3,0,2,65.0,0,0
185,282,0.0,3,0,1,28.0,0,0
186,283,0.0,3,0,4,16.0,0,0
187,284,1.0,3,0,1,19.0,0,0
189,286,0.0,3,0,4,33.0,0,0
190,287,1.0,3,0,4,30.0,0,0
191,288,0.0,3,0,3,22.0,0,0
192,289,1.0,2,0,5,42.0,0,0
193,290,1.0,3,1,2,22.0,0,0
194,291,1.0,1,1,10,26.0,0,0
195,293,0.0,2,0,5,36.0,0,0
196,294,0.0,3,1,4,24.0,0,0
197,295,0.0,3,0,3,24.0,0,0
199,297,0.0,3,0,1,23.5,0,0
203,303,0.0,3,0,1,19.0,0,0
207,310,1.0,1,1,9,30.0,0,0
208,311,1.0,1,1,10,24.0,0,0
209,314,0.0,3,0,3,28.0,0,0
210,316,1.0,3,1,1,26.0,0,0
211,318,0.0,2,0,5,54.0,0,0
212,321,0.0,3,0,1,22.0,0,0
213,322,0.0,3,0,3,27.0,0,0
214,323,1.0,2,1,5,30.0,0,0
215,326,1.0,1,1,10,36.0,0,0
216,327,0.0,3,0,1,61.0,0,0
217,328,1.0,2,1,5,36.0,0,0
219,332,0.0,1,0,8,45.5,0,0
221,338,1.0,1,1,10,41.0,0,0
222,339,1.0,3,0,1,45.0,0,0
223,340,0.0,1,0,8,45.0,0,0
224,343,0.0,2,0,5,28.0,0,0
225,344,0.0,2,0,5,25.0,0,0
226,345,0.0,2,0,5,36.0,0,0
227,346,1.0,2,1,5,24.0,0,0
228,347,1.0,2,1,5,40.0,0,0
230,350,0.0,3,0,4,42.0,0,0
231,351,0.0,3,0,4,23.0,0,0
233,353,0.0,3,0,1,15.0,0,0
235,356,0.0,3,0,4,28.0,0,0
236,357,1.0,1,1,9,22.0,0,0
237,358,0.0,2,1,5,38.0,0,0
240,364,0.0,3,0,1,35.0,0,0
242,366,0.0,3,0,1,30.0,0,0
245,370,1.0,1,1,9,24.0,0,0
246,372,0.0,3,0,1,18.0,0,0
247,373,0.0,3,0,1,19.0,0,0
248,374,0.0,1,0,10,22.0,0,0
249,377,1.0,3,1,1,22.0,0,0
250,379,0.0,3,0,1,20.0,0,0
251,380,0.0,3,0,2,19.0,0,0
252,381,1.0,1,1,10,42.0,0,0
253,383,0.0,3,0,3,32.0,0,0
255,386,0.0,2,0,9,18.0,0,0
256,388,1.0,2,1,5,36.0,0,0
258,390,1.0,2,1,5,17.0,0,0
259,392,1.0,3,0,2,21.0,0,0
260,393,0.0,3,0,3,28.0,0,0
261,396,0.0,3,0,2,22.0,0,0
262,397,0.0,3,1,1,31.0,0,0
263,398,0.0,2,0,7,46.0,0,0
264,399,0.0,2,0,1,23.0,0,0
265,400,1.0,2,1,5,28.0,0,0
266,401,1.0,3,0,3,39.0,0,0
267,402,0.0,3,0,1,26.0,0,0
268,403,0.0,3,1,4,21.0,0,0
269,405,0.0,3,1,4,20.0,0,0
270,407,0.0,3,0,2,51.0,0,0
271,409,0.0,3,0,2,21.0,0,0
276,415,1.0,3,0,3,44.0,0,0
278,418,1.0,2,1,5,18.0,0,0
279,419,0.0,2,0,5,30.0,0,0
281,422,0.0,3,0,2,21.0,0,0
282,423,0.0,3,0,3,29.0,0,0
284,428,1.0,2,1,7,19.0,0,0
286,430,1.0,3,0,1,32.0,0,0
287,431,1.0,1,0,7,28.0,0,0
289,434,0.0,3,0,1,17.0,0,0
290,440,0.0,2,0,1,31.0,0,0
291,442,0.0,3,0,4,20.0,0,0
292,443,0.0,3,0,2,25.0,0,0
293,444,1.0,2,1,5,28.0,0,0
295,448,1.0,1,0,7,34.0,0,0
296,450,1.0,1,0,8,52.0,0,0
298,453,0.0,1,0,8,30.0,0,0
300,456,1.0,3,0,3,29.0,0,0
301,457,0.0,1,0,7,65.0,0,0
302,459,1.0,2,1,1,50.0,0,0
304,461,1.0,1,0,7,48.0,0,0
305,462,0.0,3,0,1,34.0,0,0
306,463,0.0,1,0,8,47.0,0,0
307,464,0.0,2,0,5,48.0,0,0
309,466,0.0,3,0,1,38.0,0,0
311,468,0.0,1,0,7,56.0,0,0
314,472,0.0,3,0,4,38.0,0,0
315,474,1.0,2,1,5,23.0,0,0
316,475,0.0,3,1,4,22.0,0,0
318,478,0.0,3,0,1,29.0,0,0
319,479,0.0,3,0,1,22.0,0,0
321,483,0.0,3,0,1,50.0,0,0
322,484,1.0,3,1,4,63.0,0,0
324,488,0.0,1,0,8,58.0,0,0
325,489,0.0,3,0,1,30.0,0,0
327,492,0.0,3,0,1,21.0,0,0
328,493,0.0,1,0,8,55.0,0,0
329,494,0.0,1,0,9,71.0,0,0
330,495,0.0,3,0,1,21.0,0,0
332,497,1.0,1,1,10,54.0,0,0
334,500,0.0,3,0,2,24.0,0,0
335,501,0.0,3,0,4,17.0,0,0
336,502,0.0,3,1,2,21.0,0,0
338,504,0.0,3,1,4,37.0,0,0
339,505,1.0,1,1,10,16.0,0,0
341,509,0.0,3,0,7,28.0,0,0
342,510,1.0,3,0,9,26.0,0,0
343,511,1.0,3,0,2,29.0,0,0
345,513,1.0,1,0,7,36.0,0,0
346,515,0.0,3,0,1,24.0,0,0
347,516,0.0,1,0,8,47.0,0,0
348,517,1.0,2,1,1,34.0,0,0
350,520,0.0,3,0,3,32.0,0,0
351,521,1.0,1,1,10,30.0,0,0
352,522,0.0,3,0,3,22.0,0,0
355,526,0.0,3,0,2,40.5,0,0
356,527,1.0,2,1,1,50.0,0,0
358,529,0.0,3,0,3,39.0,0,0
359,530,0.0,2,0,5,23.0,0,0
361,533,0.0,3,0,1,17.0,0,0
363,535,0.0,3,1,4,30.0,0,0
364,537,0.0,1,0,7,45.0,0,0
365,538,1.0,1,1,10,30.0,0,0
367,540,1.0,1,1,9,22.0,0,0
368,546,0.0,1,0,7,64.0,0,0
370,552,0.0,2,0,7,27.0,0,0
372,554,1.0,3,0,1,22.0,0,0
373,555,1.0,3,1,2,22.0,0,0
374,556,0.0,1,0,7,62.0,0,0
375,557,1.0,1,1,8,48.0,0,0
378,562,0.0,3,0,3,40.0,0,0
379,563,0.0,2,0,5,28.0,0,0
382,567,0.0,3,0,3,19.0,0,0
384,570,1.0,3,0,1,32.0,0,0
385,571,1.0,2,0,1,62.0,0,0
386,572,1.0,1,1,9,53.0,0,0
387,573,1.0,1,0,7,36.0,0,0
389,575,0.0,3,0,1,16.0,0,0
390,576,0.0,3,0,6,19.0,0,0
391,577,1.0,2,1,5,34.0,0,0
393,580,1.0,3,0,3,32.0,0,0
394,583,0.0,2,0,7,54.0,0,0
395,584,0.0,1,0,8,36.0,0,0
397,587,0.0,2,0,6,47.0,0,0
398,589,0.0,3,0,1,22.0,0,0
400,591,0.0,3,0,1,35.0,0,0
401,592,1.0,1,1,10,52.0,0,0
402,593,0.0,3,0,1,47.0,0,0
405,598,0.0,3,0,1,49.0,0,0
407,600,1.0,1,0,9,49.0,0,0
408,601,1.0,2,1,8,24.0,0,0
411,604,0.0,3,0,1,44.0,0,0
412,605,1.0,1,0,7,35.0,0,0
413,607,0.0,3,0,3,30.0,0,0
414,608,1.0,1,0,8,27.0,0,0
415,610,1.0,1,1,10,40.0,0,0
419,615,0.0,3,0,1,35.0,0,0
420,620,0.0,2,0,1,26.0,0,0
421,624,0.0,3,0,1,21.0,0,0
422,625,0.0,3,0,6,21.0,0,0
423,626,0.0,1,0,8,61.0,0,0
424,627,0.0,2,0,5,57.0,0,0
425,628,1.0,1,1,9,21.0,0,0
426,629,0.0,3,0,3,26.0,0,0
428,631,1.0,1,0,8,80.0,0,0
429,632,0.0,3,0,1,51.0,0,0
430,633,1.0,1,0,8,32.0,0,0
432,636,1.0,2,1,5,28.0,0,0
433,637,0.0,3,0,3,32.0,0,0
435,641,0.0,3,0,1,20.0,0,0
436,642,1.0,1,1,9,24.0,0,0
438,647,0.0,3,0,3,19.0,0,0
439,648,1.0,1,0,8,56.0,0,0
441,650,1.0,3,1,1,23.0,0,0
443,653,0.0,3,0,4,21.0,0,0
445,655,0.0,3,1,1,18.0,0,0
447,659,0.0,2,0,5,23.0,0,0
448,660,0.0,1,0,10,58.0,0,0
449,662,0.0,3,0,1,40.0,0,0
450,663,0.0,1,0,7,47.0,0,0
451,664,0.0,3,0,1,36.0,0,0
452,665,1.0,3,0,3,20.0,0,0
453,667,0.0,2,0,5,25.0,0,0
455,669,0.0,3,0,1,43.0,0,0
456,672,0.0,1,0,9,31.0,0,0
457,673,0.0,2,0,1,70.0,0,0
458,674,1.0,2,0,5,31.0,0,0
460,676,0.0,3,0,2,18.0,0,0
461,677,0.0,3,0,1,24.5,0,0
462,678,1.0,3,1,4,18.0,0,0
464,682,1.0,1,0,9,27.0,0,0
465,683,0.0,3,0,4,20.0,0,0
466,688,0.0,3,0,4,19.0,0,0
467,689,0.0,3,0,2,18.0,0,0
468,690,1.0,1,1,10,15.0,0,0
470,694,0.0,3,0,1,25.0,0,0
471,695,0.0,1,0,7,60.0,0,0
472,696,0.0,2,0,5,52.0,0,0
473,697,0.0,3,0,1,44.0,0,0
475,700,0.0,3,0,2,42.0,0,0
476,702,1.0,1,0,7,35.0,0,0
477,704,0.0,3,0,2,25.0,0,0
478,705,0.0,3,0,1,26.0,0,0
479,706,0.0,2,0,7,39.0,0,0
480,707,1.0,2,1,5,45.0,0,0
481,708,1.0,1,0,7,42.0,0,0
482,709,1.0,1,1,10,22.0,0,0
484,711,1.0,1,1,9,24.0,0,0
486,714,0.0,3,0,4,29.0,0,0
487,715,0.0,2,0,5,52.0,0,0
488,716,0.0,3,0,2,19.0,0,0
489,717,1.0,1,1,10,38.0,0,0
490,718,1.0,2,1,1,27.0,0,0
492,720,0.0,3,0,2,33.0,0,0
493,722,0.0,3,0,1,17.0,0,0
494,723,0.0,2,0,5,34.0,0,0
495,724,0.0,2,0,5,50.0,0,0
496,726,0.0,3,0,4,20.0,0,0
498,730,0.0,3,1,3,25.0,0,0
499,731,1.0,1,1,10,29.0,0,0
500,732,0.0,3,0,6,11.0,0,0
502,734,0.0,2,0,5,23.0,0,0
503,735,0.0,2,0,5,23.0,0,0
504,736,0.0,3,0,6,28.5,0,0
505,738,1.0,1,0,1,35.0,0,0
509,745,1.0,3,0,3,31.0,0,0
510,748,1.0,2,1,5,30.0,0,0
511,750,0.0,3,0,2,31.0,0,0
512,753,0.0,3,0,4,33.0,0,0
513,754,0.0,3,0,3,23.0,0,0
514,757,0.0,3,0,2,28.0,0,0
515,758,0.0,2,0,5,18.0,0,0
516,759,0.0,3,0,1,34.0,0,0
517,760,1.0,1,1,10,33.0,0,0
519,762,0.0,3,0,1,41.0,0,0
520,763,1.0,3,0,1,20.0,0,0
521,765,0.0,3,0,2,16.0,0,0
522,766,1.0,1,1,9,51.0,0,0
524,768,0.0,3,1,2,30.5,0,0
526,770,0.0,3,0,4,32.0,0,0
527,771,0.0,3,0,4,24.0,0,0
528,772,0.0,3,0,1,48.0,0,0
529,773,0.0,2,1,1,57.0,0,0
531,776,0.0,3,0,2,18.0,0,0
533,778,1.0,3,1,5,5.0,0,0
535,780,1.0,1,1,10,43.0,0,0
536,781,1.0,3,1,1,13.0,0,0
537,783,0.0,1,0,8,29.0,0,0
539,785,0.0,3,0,1,25.0,0,0
540,786,0.0,3,0,1,25.0,0,0
541,787,1.0,3,1,1,18.0,0,0
542,790,0.0,1,0,10,46.0,0,0
544,792,0.0,2,0,7,16.0,0,0
546,795,0.0,3,0,3,25.0,0,0
547,796,0.0,2,0,5,39.0,0,0
548,797,1.0,1,1,7,49.0,0,0
549,798,1.0,3,1,4,31.0,0,0
550,799,0.0,3,0,1,30.0,0,0
551,801,0.0,2,0,5,34.0,0,0
552,805,1.0,3,0,1,27.0,0,0
553,806,0.0,3,0,2,31.0,0,0
554,807,0.0,1,0,1,39.0,0,0
555,808,0.0,3,1,2,18.0,0,0
556,809,0.0,2,0,5,39.0,0,0
557,811,0.0,3,0,3,26.0,0,0
558,812,0.0,3,0,7,39.0,0,0
559,813,0.0,2,0,1,35.0,0,0
560,815,0.0,3,0,1,30.5,0,0
562,817,0.0,3,1,3,23.0,0,0
563,819,0.0,3,0,1,43.0,0,0
564,822,1.0,3,0,4,27.0,0,0
565,823,0.0,1,0,1,38.0,0,0
569,830,1.0,1,1,10,62.0,0,0
571,834,0.0,3,0,1,23.0,0,0
572,835,0.0,3,0,4,18.0,0,0
573,837,0.0,3,0,4,21.0,0,0
575,839,1.0,3,0,9,32.0,0,0
577,841,0.0,3,0,3,20.0,0,0
578,842,0.0,2,0,1,16.0,0,0
579,843,1.0,1,1,8,30.0,0,0
580,844,0.0,3,0,1,34.5,0,0
581,845,0.0,3,0,4,17.0,0,0
582,846,0.0,3,0,1,42.0,0,0
583,848,0.0,3,0,3,35.0,0,0
584,852,0.0,3,0,2,74.0,0,0
585,858,1.0,1,0,7,51.0,0,0
587,862,0.0,2,0,5,21.0,0,0
588,863,1.0,1,1,7,48.0,0,0
589,865,0.0,2,0,5,24.0,0,0
590,866,1.0,2,1,5,42.0,0,0
591,867,1.0,2,1,5,27.0,0,0
592,868,0.0,1,0,9,31.0,0,0
594,871,0.0,3,0,3,26.0,0,0
595,873,0.0,1,0,1,33.0,0,0
596,874,0.0,3,0,4,47.0,0,0
597,876,1.0,3,1,1,15.0,0,0
598,877,0.0,3,0,4,20.0,0,0
599,878,0.0,3,0,3,19.0,0,0
601,880,1.0,1,1,10,56.0,0,0
602,881,1.0,2,1,7,25.0,0,0
603,882,0.0,3,0,3,33.0,0,0
604,883,0.0,3,1,5,22.0,0,0
605,884,0.0,2,0,1,28.0,0,0
606,885,0.0,3,0,1,25.0,0,0
607,887,0.0,2,0,5,27.0,0,0
608,888,1.0,1,1,8,19.0,0,0
610,890,1.0,1,0,8,26.0,0,0
611,891,0.0,3,0,2,32.0,0,0
612,892,,3,0,2,34.5,0,0
613,893,,3,1,1,47.0,0,0
614,894,,2,0,4,62.0,0,0
615,895,,3,0,4,27.0,0,0
616,897,,3,0,4,14.0,0,0
617,898,,3,1,2,30.0,0,0
618,900,,3,1,1,18.0,0,0
620,903,,1,0,7,46.0,0,0
621,908,,2,0,5,35.0,0,0
622,909,,3,0,1,21.0,0,0
623,910,,3,1,3,27.0,0,0
624,911,,3,1,1,45.0,0,0
625,913,,3,0,1,9.0,0,0
627,919,,3,0,1,22.5,0,0
628,920,,1,0,8,41.0,0,0
631,926,,1,0,9,30.0,0,0
632,927,,3,0,1,18.5,0,0
634,929,,3,1,4,21.0,0,0
635,930,,3,0,4,25.0,0,0
638,934,,3,0,2,41.0,0,0
639,935,,2,1,5,30.0,0,0
640,937,,3,0,3,25.0,0,0
641,938,,1,0,8,45.0,0,0
643,940,,1,1,9,60.0,0,0
644,943,,2,0,6,27.0,0,0
646,948,,3,0,3,35.0,0,0
647,949,,3,0,2,25.0,0,0
649,951,,1,1,10,36.0,0,0
650,952,,3,0,3,17.0,0,0
651,953,,2,0,5,32.0,0,0
652,954,,3,0,2,18.0,0,0
653,955,,3,1,2,22.0,0,0
655,958,,3,1,3,18.0,0,0
656,959,,1,0,9,47.0,0,0
657,960,,1,0,8,31.0,0,0
658,962,,3,1,2,24.0,0,0
659,963,,3,0,3,21.0,0,0
660,964,,3,1,3,29.0,0,0
661,965,,1,0,8,28.5,0,0
662,966,,1,1,10,35.0,0,0
663,967,,1,0,10,32.5,0,0
665,969,,1,1,7,55.0,0,0
666,970,,2,0,5,30.0,0,0
667,971,,3,1,2,24.0,0,0
668,974,,1,0,7,49.0,0,0
672,978,,3,1,3,27.0,0,0
673,979,,3,1,1,18.0,0,0
676,984,,1,1,9,27.0,0,0
678,986,,1,0,7,25.0,0,0
679,987,,3,0,2,25.0,0,0
680,989,,3,0,3,29.0,0,0
681,990,,3,1,1,20.0,0,0
682,991,,3,0,1,33.0,0,0
684,995,,3,0,2,26.0,0,0
685,997,,3,0,7,28.0,0,0
686,998,,3,0,2,21.0,0,0
689,1001,,2,0,5,18.5,0,0
690,1002,,2,0,6,41.0,0,0
692,1004,,1,1,8,36.0,0,0
693,1005,,3,1,1,18.5,0,0
695,1010,,1,0,9,36.0,0,0
696,1012,,2,1,6,12.0,0,0
698,1014,,1,1,9,35.0,0,0
699,1015,,3,0,1,28.0,0,0
701,1018,,3,0,2,22.0,0,0
703,1020,,2,0,5,42.0,0,0
704,1021,,3,0,1,24.0,0,0
705,1022,,3,0,1,32.0,0,0
706,1023,,1,0,8,53.0,0,0
709,1026,,3,0,3,43.0,0,0
710,1027,,3,0,1,24.0,0,0
711,1028,,3,0,1,26.5,0,0
712,1029,,2,0,5,26.0,0,0
713,1030,,3,1,1,23.0,0,0
714,1033,,1,1,10,33.0,0,0
715,1035,,2,0,7,28.0,0,0
716,1036,,1,0,7,42.0,0,0
718,1039,,3,0,1,22.0,0,0
720,1042,,1,1,10,23.0,0,0
722,1044,,3,0,1,60.5,0,0
723,1047,,3,0,1,24.0,0,0
724,1048,,1,1,10,29.0,0,0
725,1049,,3,1,1,23.0,0,0
726,1050,,1,0,7,42.0,0,0
728,1054,,2,1,5,26.0,0,0
730,1056,,2,0,5,41.0,0,0
731,1058,,1,0,9,48.0,0,0
733,1061,,3,1,4,22.0,0,0
735,1063,,3,0,1,27.0,0,0
737,1068,,2,1,8,20.0,0,0
738,1072,,2,0,5,30.0,0,0
740,1076,,1,1,10,27.0,0,0
741,1077,,2,0,6,40.0,0,0
742,1079,,3,0,1,17.0,0,0
743,1081,,2,0,5,40.0,0,0
745,1085,,2,0,5,61.0,0,0
746,1087,,3,0,1,33.0,0,0
747,1089,,3,1,2,18.0,0,0
748,1090,,2,0,1,23.0,0,0
751,1096,,2,0,1,25.0,0,0
753,1098,,3,1,2,35.0,0,0
754,1099,,2,0,1,24.0,0,0
755,1100,,1,1,8,33.0,0,0
756,1101,,3,0,3,25.0,0,0
757,1102,,3,0,7,32.0,0,0
759,1104,,2,0,9,17.0,0,0
760,1106,,3,1,2,38.0,0,0
761,1107,,1,0,9,42.0,0,0
764,1112,,2,1,5,30.0,0,0
765,1113,,3,0,1,21.0,0,0
766,1114,,2,1,1,22.0,0,0
767,1115,,3,0,2,21.0,0,0
768,1116,,1,1,8,53.0,0,0
770,1118,,3,0,2,23.0,0,0
772,1120,,3,0,6,40.5,0,0
773,1121,,2,0,5,36.0,0,0
774,1122,,2,0,9,14.0,0,0
775,1123,,1,1,7,21.0,0,0
776,1124,,3,0,1,21.0,0,0
778,1127,,3,0,1,20.0,0,0
779,1129,,3,0,1,20.0,0,0
780,1130,,2,1,5,18.0,0,0
781,1132,,1,1,8,55.0,0,0
784,1138,,2,1,6,22.0,0,0
786,1143,,3,0,3,20.0,0,0
787,1145,,3,0,4,24.0,0,0
788,1146,,3,0,4,32.5,0,0
791,1149,,3,0,1,28.0,0,0
792,1150,,2,1,5,19.0,0,0
793,1151,,3,0,2,21.0,0,0
794,1153,,3,0,1,21.0,0,0
795,1156,,2,0,5,30.0,0,0
800,1161,,3,0,4,17.0,0,0
801,1162,,1,0,9,46.0,0,0
805,1168,,2,0,1,28.0,0,0
806,1170,,2,0,6,30.0,0,0
807,1171,,2,0,1,22.0,0,0
808,1172,,3,1,4,23.0,0,0
810,1177,,3,0,1,36.0,0,0
815,1183,,3,1,1,30.0,0,0
817,1186,,3,0,4,36.0,0,0
818,1187,,3,0,3,26.0,0,0
820,1190,,1,0,9,30.0,0,0
821,1191,,3,0,1,29.0,0,0
822,1192,,3,0,2,32.0,0,0
824,1195,,3,0,4,24.0,0,0
826,1197,,1,1,7,64.0,0,0
827,1202,,3,0,4,18.0,0,0
828,1203,,3,0,1,22.0,0,0
830,1205,,3,1,2,37.0,0,0
831,1206,,1,1,10,55.0,0,0
832,1207,,3,1,2,17.0,0,0
833,1209,,2,0,1,19.0,0,0
834,1210,,3,0,1,27.0,0,0
835,1212,,3,0,2,26.0,0,0
836,1213,,3,0,1,25.0,0,0
837,1214,,2,0,5,26.0,0,0
838,1215,,1,0,7,33.0,0,0
839,1216,,1,1,10,39.0,0,0
840,1217,,3,0,1,23.0,0,0
841,1219,,1,0,10,46.0,0,0
842,1221,,2,0,5,21.0,0,0
843,1223,,1,0,8,39.0,0,0
845,1226,,3,0,3,27.0,0,0
846,1227,,1,0,7,30.0,0,0
847,1228,,2,0,5,32.0,0,0
848,1229,,3,0,1,39.0,0,0
849,1230,,2,0,8,25.0,0,0
851,1232,,2,0,1,18.0,0,0
852,1233,,3,0,2,32.0,0,0
853,1237,,3,1,2,16.0,0,0
854,1238,,2,0,5,26.0,0,0
855,1239,,3,1,1,38.0,0,0
856,1240,,2,0,5,24.0,0,0
857,1241,,2,1,6,31.0,0,0
858,1243,,2,0,1,25.0,0,0
859,1244,,2,0,9,18.0,0,0
860,1247,,1,0,7,50.0,0,0
861,1248,,1,1,9,59.0,0,0
864,1254,,2,1,6,31.0,0,0
865,1255,,3,0,4,27.0,0,0
867,1259,,3,1,8,22.0,0,0
868,1261,,2,0,5,29.0,0,0
869,1262,,2,0,5,21.0,0,0
870,1263,,1,1,10,31.0,0,0
871,1264,,1,0,1,49.0,0,0
872,1265,,2,0,5,44.0,0,0
873,1267,,1,1,10,45.0,0,0
874,1268,,3,1,4,22.0,0,0
875,1269,,2,0,5,21.0,0,0
876,1270,,1,0,9,55.0,0,0
878,1273,,3,0,3,26.0,0,0
881,1278,,3,0,2,24.0,0,0
882,1279,,2,0,5,57.0,0,0
883,1280,,3,0,2,21.0,0,0
884,1282,,1,0,10,23.0,0,0
885,1285,,2,0,1,47.0,0,0
886,1288,,3,0,1,24.0,0,0
887,1290,,3,0,2,22.0,0,0
888,1291,,3,0,2,31.0,0,0
889,1292,,1,1,10,30.0,0,0
890,1295,,1,0,9,17.0,0,0
891,1296,,1,0,8,43.0,0,0
892,1297,,2,0,5,20.0,0,0
893,1298,,2,0,1,23.0,0,0
896,1304,,3,1,2,28.0,0,0
898,1306,,1,1,10,39.0,0,0
899,1307,,3,0,1,38.5,0,0
3,6,0.0,3,0,4,29.0,0,0
9,18,1.0,2,0,5,34.0,0,0
10,20,1.0,3,1,1,39.0,0,0
15,27,0.0,3,0,1,30.0,0,0
16,29,1.0,3,1,3,15.0,0,0
17,30,0.0,3,0,3,30.0,0,0
19,33,1.0,3,1,2,24.0,0,0
21,37,1.0,3,0,1,30.0,0,0
24,43,0.0,3,0,3,30.0,0,0
26,46,0.0,3,0,1,30.0,0,0
27,47,0.0,3,0,6,30.0,0,0
28,48,1.0,3,1,2,15.0,0,0
29,49,0.0,3,0,1,30.0,0,0
31,56,1.0,1,0,8,48.0,0,0
36,65,0.0,1,0,8,48.0,0,0
37,66,1.0,3,0,6,9.0,0,0
46,77,0.0,3,0,3,30.0,0,0
47,78,0.0,3,0,1,30.0,0,0
51,83,1.0,3,1,2,24.0,0,0
54,88,0.0,3,0,1,30.0,0,0
59,96,0.0,3,0,1,30.0,0,0
62,102,0.0,3,0,3,30.0,0,0
67,108,1.0,3,0,2,30.0,0,0
69,110,1.0,3,1,7,24.0,0,0
76,122,0.0,3,0,1,30.0,0,0
78,127,0.0,3,0,2,30.0,0,0
80,129,1.0,3,1,7,24.0,0,0
97,155,0.0,3,0,1,30.0,0,0
100,159,0.0,3,0,4,29.0,0,0
104,167,1.0,1,1,9,54.0,0,0
105,169,0.0,1,0,7,47.0,0,0
111,177,0.0,3,0,7,9.0,0,0
115,182,0.0,2,0,6,35.0,0,0
116,186,0.0,1,0,9,48.0,0,0
117,187,1.0,3,1,6,15.0,0,0
125,197,0.0,3,0,2,30.0,0,0
127,199,1.0,3,1,2,24.0,0,0
140,215,0.0,3,0,2,30.0,0,0
148,224,0.0,3,0,3,30.0,0,0
153,230,0.0,3,1,7,24.0,0,0
157,236,0.0,3,1,1,25.0,0,0
160,242,1.0,3,1,6,24.0,0,0
165,251,0.0,3,0,1,30.0,0,0
167,257,1.0,1,1,10,55.0,0,0
171,261,0.0,3,0,2,30.0,0,0
173,265,0.0,3,1,2,24.0,0,0
177,271,0.0,1,0,8,48.0,0,0
180,275,1.0,3,1,2,24.0,0,0
183,278,0.0,2,0,1,32.0,0,0
188,285,0.0,1,0,7,47.0,0,0
198,296,0.0,1,0,8,48.0,0,0
200,299,1.0,1,0,8,48.0,0,0
201,301,1.0,3,1,2,24.0,0,0
202,302,1.0,3,0,7,30.0,0,0
204,304,1.0,2,1,5,28.0,0,0
205,305,0.0,3,0,1,30.0,0,0
206,307,1.0,1,1,10,34.0,0,0
218,331,1.0,3,1,7,24.0,0,0
220,336,0.0,3,0,3,30.0,0,0
229,348,1.0,3,1,6,39.0,0,0
232,352,0.0,1,0,8,34.0,0,0
234,355,0.0,3,0,1,30.0,0,0
238,359,1.0,3,1,3,24.0,0,0
239,360,1.0,3,1,3,24.0,0,0
241,365,0.0,3,0,6,15.0,0,0
243,368,1.0,3,1,1,39.0,0,0
244,369,1.0,3,1,2,24.0,0,0
254,385,0.0,3,0,3,30.0,0,0
257,389,0.0,3,0,2,30.0,0,0
272,410,0.0,3,1,7,24.0,0,0
273,411,0.0,3,0,3,30.0,0,0
274,412,0.0,3,0,1,30.0,0,0
275,414,0.0,2,0,1,32.0,0,0
277,416,0.0,3,1,1,39.0,0,0
280,421,0.0,3,0,3,30.0,0,0
283,426,0.0,3,0,1,30.0,0,0
285,429,0.0,3,0,2,30.0,0,0
288,432,1.0,3,1,6,39.0,0,0
294,445,1.0,3,0,4,16.0,0,0
297,452,0.0,3,0,6,30.0,0,0
299,455,0.0,3,0,1,30.0,0,0
303,460,0.0,3,0,2,16.0,0,0
308,465,0.0,3,0,1,30.0,0,0
310,467,0.0,2,0,1,32.0,0,0
312,469,0.0,3,0,2,30.0,0,0
313,471,0.0,3,0,1,30.0,0,0
317,476,0.0,1,0,9,48.0,0,0
320,482,0.0,2,0,1,32.0,0,0
323,486,0.0,3,1,7,24.0,0,0
326,491,0.0,3,0,6,30.0,0,0
331,496,0.0,3,0,6,30.0,0,0
333,498,0.0,3,0,6,30.0,0,0
337,503,0.0,3,1,2,15.0,0,0
340,508,1.0,1,0,7,47.0,0,0
344,512,0.0,3,0,1,30.0,0,0
349,518,0.0,3,0,7,30.0,0,0
353,523,0.0,3,0,1,30.0,0,0
354,525,0.0,3,0,1,30.0,0,0
357,528,0.0,1,0,10,49.0,0,0
360,532,0.0,3,0,1,30.0,0,0
362,534,1.0,3,1,7,39.0,0,0
366,539,0.0,3,0,6,30.0,0,0
369,548,1.0,2,0,5,40.0,0,0
371,553,0.0,3,0,2,16.0,0,0
376,558,0.0,1,0,10,49.0,0,0
377,561,0.0,3,0,2,30.0,0,0
380,564,0.0,3,0,1,30.0,0,0
381,565,0.0,3,1,1,25.0,0,0
383,569,0.0,3,0,1,30.0,0,0
388,574,1.0,3,1,2,24.0,0,0
392,579,0.0,3,1,6,39.0,0,0
396,585,0.0,3,0,4,29.0,0,0
399,590,0.0,3,0,1,30.0,0,0
403,594,0.0,3,1,2,24.0,0,0
404,597,1.0,2,1,8,29.0,0,0
406,599,0.0,3,0,1,30.0,0,0
409,602,0.0,3,0,3,30.0,0,0
410,603,0.0,1,0,9,48.0,0,0
416,612,0.0,3,0,1,30.0,0,0
417,613,1.0,3,1,6,24.0,0,0
418,614,0.0,3,0,2,30.0,0,0
427,630,0.0,3,0,2,16.0,0,0
431,634,0.0,1,0,1,43.0,0,0
434,640,0.0,3,0,6,30.0,0,0
437,644,1.0,3,0,9,31.0,0,0
440,649,0.0,3,0,1,30.0,0,0
442,651,0.0,3,0,3,30.0,0,0
444,654,1.0,3,1,2,15.0,0,0
446,657,0.0,3,0,3,30.0,0,0
454,668,0.0,3,0,2,30.0,0,0
459,675,0.0,2,0,1,32.0,0,0
463,681,0.0,3,1,4,24.0,0,0
469,693,1.0,3,0,9,31.0,0,0
474,698,1.0,3,1,2,24.0,0,0
483,710,1.0,3,0,6,9.0,0,0
485,712,0.0,1,0,7,47.0,0,0
491,719,0.0,3,0,6,30.0,0,0
497,728,1.0,3,1,2,24.0,0,0
501,733,0.0,2,0,1,32.0,0,0
506,739,0.0,3,0,3,30.0,0,0
507,740,0.0,3,0,3,30.0,0,0
508,741,1.0,1,0,8,48.0,0,0
518,761,0.0,3,0,6,30.0,0,0
523,767,0.0,1,0,8,45.0,0,0
525,769,0.0,3,0,7,30.0,0,0
530,774,0.0,3,0,1,30.0,0,0
532,777,0.0,3,0,2,30.0,0,0
534,779,0.0,3,0,2,30.0,0,0
538,784,0.0,3,0,7,30.0,0,0
543,791,0.0,3,0,2,30.0,0,0
545,794,0.0,1,0,8,48.0,0,0
561,816,0.0,1,0,1,43.0,0,0
566,826,0.0,3,0,1,30.0,0,0
567,827,0.0,3,0,9,31.0,0,0
568,829,1.0,3,0,2,30.0,0,0
570,833,0.0,3,0,1,30.0,0,0
574,838,0.0,3,0,1,30.0,0,0
576,840,1.0,1,0,8,48.0,0,0
586,860,0.0,3,0,1,30.0,0,0
593,869,0.0,3,0,4,16.0,0,0
600,879,0.0,3,0,3,30.0,0,0
609,889,0.0,3,1,7,24.0,0,0
619,902,,3,0,3,30.0,0,0
626,914,,1,1,8,53.0,0,0
629,921,,3,0,1,30.0,0,0
630,925,,3,1,7,39.0,0,0
633,928,,3,1,1,25.0,0,0
636,931,,3,0,9,31.0,0,0
637,933,,1,0,7,47.0,0,0
642,939,,3,0,2,30.0,0,0
645,946,,2,0,6,35.0,0,0
648,950,,3,0,6,30.0,0,0
654,957,,2,1,6,40.0,0,0
664,968,,3,0,1,30.0,0,0
669,975,,3,0,3,30.0,0,0
670,976,,2,0,5,34.0,0,0
671,977,,3,0,1,30.0,0,0
674,980,,3,1,2,15.0,0,0
675,983,,3,0,2,30.0,0,0
677,985,,3,0,1,30.0,0,0
683,994,,3,0,2,30.0,0,0
687,999,,3,0,2,30.0,0,0
688,1000,,3,0,4,29.0,0,0
691,1003,,3,1,2,24.0,0,0
694,1008,,3,0,1,30.0,0,0
697,1013,,3,0,2,30.0,0,0
700,1016,,3,0,2,30.0,0,0
702,1019,,3,1,7,24.0,0,0
707,1024,,3,1,7,39.0,0,0
708,1025,,3,0,1,30.0,0,0
717,1038,,1,0,9,48.0,0,0
719,1040,,1,0,7,47.0,0,0
721,1043,,3,0,3,30.0,0,0
727,1052,,3,1,2,24.0,0,0
729,1055,,3,0,1,30.0,0,0
732,1060,,1,1,8,53.0,0,0
734,1062,,3,0,1,30.0,0,0
736,1065,,3,0,1,30.0,0,0
739,1075,,3,0,2,30.0,0,0
744,1083,,1,0,7,47.0,0,0
749,1091,,3,1,4,39.0,0,0
750,1092,,3,1,6,24.0,0,0
752,1097,,1,0,7,47.0,0,0
758,1103,,3,0,1,30.0,0,0
762,1108,,3,1,3,24.0,0,0
763,1111,,3,0,1,30.0,0,0
769,1117,,3,1,6,39.0,0,0
771,1119,,3,1,2,24.0,0,0
777,1125,,3,0,3,30.0,0,0
782,1135,,3,0,3,30.0,0,0
783,1136,,3,0,7,9.0,0,0
785,1141,,3,1,1,39.0,0,0
789,1147,,3,0,1,30.0,0,0
790,1148,,3,0,2,30.0,0,0
796,1157,,3,0,3,30.0,0,0
797,1158,,1,0,1,43.0,0,0
798,1159,,3,0,1,30.0,0,0
799,1160,,3,1,1,25.0,0,0
802,1163,,3,0,2,30.0,0,0
803,1165,,3,1,6,24.0,0,0
804,1166,,3,0,1,30.0,0,0
809,1174,,3,1,2,24.0,0,0
811,1178,,3,0,1,30.0,0,0
812,1180,,3,0,1,30.0,0,0
813,1181,,3,0,1,30.0,0,0
814,1182,,1,0,8,48.0,0,0
816,1184,,3,0,1,30.0,0,0
819,1189,,3,0,1,30.0,0,0
823,1193,,2,0,6,35.0,0,0
825,1196,,3,1,2,24.0,0,0
829,1204,,3,0,2,30.0,0,0
844,1224,,3,0,1,30.0,0,0
850,1231,,3,0,1,9.0,0,0
862,1249,,3,0,3,30.0,0,0
863,1250,,3,0,2,16.0,0,0
866,1258,,3,0,6,30.0,0,0
877,1272,,3,0,2,16.0,0,0
879,1274,,3,1,6,39.0,0,0
880,1276,,2,0,5,34.0,0,0
894,1300,,3,1,2,24.0,0,0
895,1302,,3,1,2,24.0,0,0
897,1305,,3,0,1,30.0,0,0
900,1308,,3,0,1,30.0,0,0
901,1309,,3,0,7,9.0,0,0
0,2,1.0,1,1,9,38.0,1,0
1,4,1.0,1,1,9,35.0,1,0
2,10,1.0,2,1,8,14.0,1,0
3,19,0.0,3,1,6,31.0,1,0
5,35,0.0,1,0,10,28.0,1,0
6,36,0.0,1,0,9,42.0,1,0
7,39,0.0,3,1,6,18.0,2,0
8,40,1.0,3,1,5,14.0,1,0
9,42,0.0,2,1,6,27.0,1,0
10,50,0.0,3,1,6,18.0,1,0
11,53,1.0,1,1,9,49.0,1,0
12,54,1.0,2,1,7,29.0,1,0
13,63,0.0,1,0,10,45.0,1,0
14,74,0.0,3,0,1,26.0,1,0
15,86,1.0,3,1,6,33.0,3,0
16,93,0.0,1,0,9,46.0,1,0
17,100,0.0,2,0,7,34.0,1,0
18,112,0.0,3,1,1,14.5,1,0
19,118,0.0,2,0,6,29.0,1,0
20,121,0.0,2,0,9,21.0,2,0
21,123,0.0,2,0,8,32.5,1,0
22,126,1.0,3,0,5,12.0,1,0
23,133,0.0,3,1,6,47.0,1,0
24,134,1.0,2,1,7,29.0,1,0
25,138,0.0,1,0,9,37.0,1,0
26,143,1.0,3,1,6,24.0,1,0
27,152,1.0,1,1,9,22.0,1,0
28,207,0.0,3,0,6,32.0,1,0
29,216,1.0,1,1,10,31.0,1,0
30,225,1.0,1,0,10,38.0,1,0
31,231,1.0,1,1,10,35.0,1,0
32,237,0.0,2,0,7,44.0,1,0
34,246,0.0,1,0,10,44.0,2,0
35,250,0.0,2,0,7,54.0,1,0
36,254,0.0,3,0,6,30.0,1,0
37,292,1.0,1,1,10,19.0,1,0
38,308,1.0,1,1,10,17.0,1,0
39,309,0.0,2,0,7,30.0,1,0
40,317,1.0,2,1,7,24.0,1,0
41,334,0.0,3,0,6,16.0,2,0
43,337,0.0,1,0,9,29.0,1,0
44,354,0.0,3,0,6,25.0,1,0
45,362,0.0,2,0,8,29.0,1,0
46,367,1.0,1,1,9,60.0,1,0
47,371,1.0,1,0,9,25.0,1,0
49,384,1.0,1,1,9,35.0,1,0
50,394,1.0,1,1,10,23.0,1,0
51,404,0.0,3,0,6,28.0,1,0
52,406,0.0,2,0,6,34.0,1,0
53,413,1.0,1,1,10,33.0,1,0
54,427,1.0,2,1,7,28.0,1,0
55,433,1.0,2,1,7,42.0,1,0
56,435,0.0,1,0,9,50.0,1,0
57,454,1.0,1,0,10,49.0,1,0
59,477,0.0,2,0,6,34.0,1,0
60,485,1.0,1,0,10,25.0,1,0
61,487,1.0,1,1,10,35.0,1,0
62,506,0.0,1,0,10,18.0,1,0
63,514,1.0,1,1,9,54.0,1,0
64,519,1.0,2,1,7,36.0,1,0
65,544,1.0,2,0,7,32.0,1,0
66,545,0.0,1,0,10,50.0,1,0
67,547,1.0,2,1,7,19.0,1,0
68,560,1.0,3,1,6,36.0,1,0
69,566,0.0,3,0,7,24.0,2,0
70,578,1.0,1,1,9,39.0,1,0
71,595,0.0,2,0,7,37.0,1,0
72,606,0.0,3,0,6,36.0,1,0
73,618,0.0,3,1,6,26.0,1,0
74,621,0.0,3,0,1,27.0,1,0
75,622,1.0,1,0,9,42.0,1,0
76,646,1.0,1,0,9,48.0,1,0
77,656,0.0,2,0,9,24.0,2,0
78,661,1.0,1,0,10,50.0,2,0
79,666,0.0,2,0,9,32.0,2,0
81,691,1.0,1,0,9,31.0,1,0
82,701,1.0,1,1,10,18.0,1,0
83,713,1.0,1,0,9,48.0,1,0
84,725,1.0,1,0,9,27.0,1,0
85,727,1.0,2,1,6,30.0,3,0
86,729,0.0,2,0,7,25.0,1,0
87,742,0.0,1,0,10,36.0,1,0
88,744,0.0,3,0,6,24.0,1,0
89,749,0.0,1,0,9,19.0,1,0
90,782,1.0,1,1,9,17.0,1,0
91,810,1.0,1,1,9,33.0,1,0
92,831,1.0,3,1,1,15.0,1,0
94,855,0.0,2,1,7,44.0,1,0
95,861,0.0,3,0,5,41.0,2,0
96,875,1.0,2,1,7,28.0,1,0
97,901,,3,0,7,21.0,2,0
98,904,,1,1,10,23.0,1,0
99,905,,2,0,7,63.0,1,0
100,906,,1,1,9,47.0,1,0
101,907,,2,1,8,24.0,1,0
102,912,,1,0,9,55.0,1,0
103,917,,3,0,6,50.0,1,0
104,922,,2,0,7,50.0,1,0
105,923,,2,0,8,24.0,2,0
106,936,,1,1,9,45.0,1,0
107,942,,1,0,9,24.0,1,0
108,973,,1,0,10,67.0,1,0
109,982,,3,1,5,22.0,1,0
110,988,,1,1,10,76.0,1,0
111,992,,1,1,9,43.0,1,0
112,993,,2,0,7,27.0,1,0
113,1006,,1,1,10,63.0,1,0
114,1007,,3,0,1,18.0,1,0
115,1011,,2,1,7,29.0,1,0
116,1037,,3,0,6,31.0,3,0
117,1064,,3,0,5,23.0,1,0
118,1069,,1,0,9,54.0,1,0
119,1074,,1,1,9,18.0,1,0
120,1082,,2,0,7,34.0,1,0
121,1094,,1,0,10,47.0,1,0
122,1105,,2,1,7,60.0,1,0
123,1126,,1,0,9,39.0,1,0
124,1128,,1,0,9,64.0,1,0
125,1131,,1,1,10,48.0,1,0
126,1137,,1,0,9,41.0,1,0
127,1140,,2,1,7,29.0,1,0
128,1144,,1,0,10,27.0,1,0
129,1152,,3,0,6,36.5,1,0
130,1164,,1,1,10,26.0,1,0
131,1167,,2,1,7,20.0,1,0
132,1169,,2,0,7,40.0,1,0
133,1179,,1,0,10,24.0,1,0
134,1201,,3,1,5,45.0,1,0
135,1208,,1,0,10,57.0,1,0
136,1211,,2,0,8,22.0,2,0
137,1220,,2,0,7,29.0,1,0
138,1251,,3,1,6,30.0,1,0
139,1256,,1,1,9,25.0,1,0
140,1275,,3,1,6,19.0,1,0
141,1287,,1,1,9,18.0,1,0
142,1293,,2,0,6,38.0,1,0
143,1303,,1,1,10,37.0,1,0
4,32,1.0,1,1,10,53.0,1,0
33,241,0.0,3,1,1,17.0,1,0
42,335,1.0,1,1,10,46.0,1,0
48,376,1.0,1,1,10,23.0,1,0
58,458,1.0,1,1,9,37.0,1,0
80,670,1.0,1,1,9,45.0,1,0
93,850,1.0,1,1,10,45.0,1,0
0,8,0.0,3,0,6,2.0,3,1
1,9,1.0,3,1,5,27.0,0,2
2,11,1.0,3,1,6,4.0,1,1
3,14,0.0,3,0,8,39.0,1,5
4,17,0.0,3,0,8,2.0,4,1
5,25,0.0,3,1,6,8.0,3,1
6,26,1.0,3,1,8,38.0,1,5
7,28,0.0,1,0,10,19.0,3,2
8,44,1.0,2,1,1,3.0,1,2
9,51,0.0,3,0,8,7.0,4,1
10,55,0.0,1,0,9,65.0,0,1
11,59,1.0,2,1,8,5.0,1,2
12,60,0.0,3,0,9,11.0,5,2
13,64,0.0,3,0,8,4.0,3,2
14,72,0.0,3,1,9,16.0,5,2
15,79,1.0,2,0,8,0.83,0,2
16,87,0.0,3,0,8,16.0,1,3
17,89,1.0,1,1,10,23.0,3,2
18,94,0.0,3,0,6,26.0,1,2
19,98,1.0,1,0,9,23.0,0,1
20,99,1.0,2,1,7,34.0,0,1
21,103,0.0,1,0,9,21.0,0,1
22,119,0.0,1,0,10,24.0,0,1
23,120,0.0,3,1,8,2.0,4,2
24,125,0.0,1,0,9,54.0,0,1
26,148,0.0,3,1,8,9.0,2,2
27,149,0.0,2,0,7,36.5,0,2
28,154,0.0,3,0,6,40.5,0,2
29,156,0.0,1,0,9,51.0,0,1
31,161,0.0,3,0,6,44.0,0,1
32,165,0.0,3,0,8,1.0,4,1
33,166,1.0,3,0,6,9.0,0,2
34,168,0.0,3,1,8,45.0,1,4
35,172,0.0,3,0,8,4.0,4,1
36,173,1.0,3,1,5,1.0,1,1
38,183,0.0,3,0,8,9.0,4,2
39,184,1.0,2,0,8,1.0,2,1
40,185,1.0,3,1,7,4.0,0,2
41,189,0.0,3,0,6,40.0,1,1
42,194,1.0,2,0,7,3.0,1,1
44,206,0.0,3,1,4,2.0,0,1
45,234,1.0,3,1,8,5.0,4,2
46,238,1.0,2,1,7,8.0,0,2
47,248,1.0,2,1,6,24.0,0,2
48,249,1.0,1,0,9,37.0,1,1
49,252,0.0,3,1,4,29.0,1,1
50,255,0.0,3,1,6,41.0,0,2
51,256,1.0,3,1,6,29.0,0,2
52,262,1.0,3,0,8,3.0,4,2
53,263,0.0,1,0,10,52.0,1,1
54,267,0.0,3,0,8,16.0,4,1
55,269,1.0,1,1,10,58.0,0,1
56,273,1.0,2,1,6,41.0,0,1
57,279,0.0,3,0,8,7.0,4,1
58,280,1.0,3,1,6,35.0,1,1
59,298,0.0,1,1,10,2.0,1,2
60,300,1.0,1,1,10,50.0,0,1
61,306,1.0,1,0,10,0.92,1,2
62,312,1.0,1,1,10,18.0,2,2
63,313,0.0,2,1,7,26.0,1,1
64,315,0.0,2,0,7,43.0,1,1
65,319,1.0,1,1,10,31.0,0,2
66,320,1.0,1,1,10,40.0,1,1
67,324,1.0,2,1,8,22.0,1,1
69,329,1.0,3,1,6,31.0,1,1
70,330,1.0,1,1,9,16.0,0,1
71,333,0.0,1,0,10,38.0,0,1
72,341,1.0,2,0,7,2.0,1,1
73,342,1.0,1,1,10,24.0,3,2
74,349,1.0,3,0,6,3.0,1,1
75,361,0.0,3,0,8,40.0,1,4
76,363,0.0,3,1,1,45.0,0,1
77,375,0.0,3,1,6,3.0,3,1
78,378,0.0,1,0,10,27.0,0,2
79,382,1.0,3,1,6,1.0,0,2
80,387,0.0,3,0,9,1.0,5,2
81,391,1.0,1,0,10,36.0,1,2
82,395,1.0,3,1,6,24.0,0,2
83,408,1.0,2,0,6,3.0,1,1
84,417,1.0,2,1,8,34.0,1,1
85,420,0.0,3,1,7,10.0,0,2
86,424,0.0,3,1,5,28.0,1,1
87,425,0.0,3,0,6,18.0,1,1
88,436,1.0,1,1,10,14.0,1,2
89,437,0.0,3,1,8,21.0,2,2
90,438,1.0,2,1,6,24.0,2,3
91,439,0.0,1,0,10,64.0,1,4
92,441,1.0,2,1,7,45.0,1,1
93,446,1.0,1,0,10,4.0,0,2
94,447,1.0,2,1,6,13.0,0,1
95,449,1.0,3,1,6,5.0,2,1
96,451,0.0,2,0,8,36.0,1,2
97,470,1.0,3,1,6,0.75,2,1
98,473,1.0,2,1,8,33.0,1,2
99,480,1.0,3,1,5,2.0,0,1
100,481,0.0,3,0,9,9.0,5,2
101,490,1.0,3,0,6,9.0,1,1
102,499,0.0,1,1,10,25.0,1,2
103,507,1.0,2,1,7,33.0,0,2
104,524,1.0,1,1,9,44.0,0,1
105,531,1.0,2,1,7,2.0,1,1
106,536,1.0,2,1,7,7.0,0,2
107,541,1.0,1,1,9,36.0,0,2
108,542,0.0,3,1,8,9.0,4,2
109,543,0.0,3,1,8,11.0,4,2
110,549,0.0,3,0,6,33.0,1,1
111,550,1.0,2,0,8,8.0,1,1
112,551,1.0,1,0,10,17.0,0,2
113,559,1.0,1,1,10,39.0,1,1
114,568,0.0,3,1,6,29.0,0,4
115,581,1.0,2,1,8,25.0,1,1
116,582,1.0,1,1,10,39.0,1,1
117,586,1.0,1,1,10,18.0,0,2
118,588,1.0,1,0,10,60.0,1,1
119,596,0.0,3,0,7,36.0,1,1
120,609,1.0,2,1,1,22.0,1,2
121,611,0.0,3,1,8,39.0,1,5
122,616,1.0,2,1,9,24.0,1,2
123,617,0.0,3,0,5,34.0,1,1
124,619,1.0,2,1,8,4.0,2,1
125,623,1.0,3,0,6,20.0,1,1
126,635,0.0,3,1,8,9.0,3,2
127,638,0.0,2,0,7,31.0,1,1
128,639,0.0,3,1,8,41.0,0,5
129,643,0.0,3,1,8,2.0,3,2
130,645,1.0,3,1,6,0.75,2,1
131,652,1.0,2,1,7,18.0,0,1
132,658,0.0,3,1,6,32.0,1,1
133,671,1.0,2,1,8,40.0,1,1
134,679,0.0,3,1,9,43.0,1,6
135,680,1.0,1,0,1,36.0,0,1
136,684,0.0,3,0,9,14.0,5,2
137,685,0.0,2,0,8,60.0,1,1
138,686,0.0,2,0,1,25.0,1,2
139,687,0.0,3,0,8,14.0,4,1
140,692,1.0,3,1,5,4.0,0,1
141,699,0.0,1,0,10,49.0,1,1
142,703,0.0,3,1,1,18.0,0,1
143,721,1.0,2,1,8,6.0,0,1
144,737,0.0,3,1,8,48.0,1,3
145,743,1.0,1,1,10,21.0,2,2
146,746,0.0,1,0,9,70.0,1,1
147,747,0.0,3,0,6,16.0,1,1
148,751,1.0,2,1,7,4.0,1,1
149,752,1.0,3,0,5,6.0,0,1
150,755,1.0,2,1,9,48.0,1,2
151,756,1.0,2,0,6,0.67,1,1
152,764,1.0,1,1,10,36.0,1,2
153,775,1.0,2,1,7,54.0,1,3
154,788,0.0,3,0,8,8.0,4,1
155,789,1.0,3,0,6,1.0,1,2
157,800,0.0,3,1,7,30.0,1,1
158,802,1.0,2,1,7,31.0,1,1
159,803,1.0,1,0,10,11.0,1,2
160,804,1.0,3,0,4,0.42,0,1
161,814,0.0,3,1,8,6.0,4,2
162,818,0.0,2,0,8,31.0,1,1
163,820,0.0,3,0,8,10.0,3,2
164,821,1.0,1,1,10,52.0,1,1
165,824,1.0,3,1,5,27.0,0,1
166,825,0.0,3,0,8,2.0,4,1
167,828,1.0,2,0,8,1.0,0,2
168,832,1.0,2,0,6,0.83,1,1
169,836,1.0,1,1,10,39.0,1,1
171,849,0.0,2,0,8,28.0,0,1
172,851,0.0,3,0,8,4.0,4,2
173,853,0.0,3,1,6,9.0,1,1
174,854,1.0,1,1,8,16.0,0,1
175,856,1.0,3,1,4,18.0,0,1
176,857,1.0,1,1,10,45.0,1,1
177,859,1.0,3,1,6,24.0,0,3
179,870,1.0,3,0,5,4.0,1,1
180,872,1.0,1,1,9,47.0,1,1
181,886,0.0,3,1,8,39.0,0,5
182,896,,3,1,5,22.0,1,1
183,899,,2,0,8,26.0,1,1
184,915,,1,0,9,21.0,0,1
185,916,,1,1,10,48.0,1,3
186,918,,1,1,9,22.0,0,1
187,924,,3,1,6,33.0,1,2
188,932,,3,0,5,39.0,0,1
189,941,,3,1,6,36.0,0,2
190,944,,2,1,7,20.0,2,1
191,945,,1,1,10,28.0,3,2
192,947,,3,0,8,10.0,4,1
193,956,,1,0,10,13.0,2,2
194,961,,1,1,10,60.0,1,4
195,972,,3,0,6,6.0,1,1
196,981,,2,0,7,2.0,1,1
197,996,,3,1,4,16.0,1,1
198,1009,,3,1,6,1.0,1,1
199,1017,,3,1,6,17.0,0,1
200,1031,,3,0,9,40.0,1,6
201,1032,,3,1,9,10.0,5,2
202,1034,,1,0,10,61.0,1,3
203,1041,,2,0,7,30.0,1,1
204,1045,,3,1,5,36.0,0,2
205,1046,,3,0,8,13.0,4,2
206,1051,,3,1,5,26.0,0,2
207,1053,,3,0,6,7.0,1,1
208,1057,,3,1,7,26.0,1,1
209,1059,,3,0,8,18.0,2,2
210,1066,,3,0,8,40.0,1,5
211,1067,,2,1,8,15.0,0,2
212,1070,,2,1,8,36.0,0,3
213,1071,,1,1,10,64.0,0,2
214,1073,,1,0,10,37.0,1,1
215,1078,,2,1,6,21.0,0,1
217,1084,,3,0,6,11.5,1,1
218,1086,,2,0,8,8.0,0,2
219,1088,,1,0,10,6.0,0,2
220,1093,,3,0,5,0.33,0,2
221,1095,,2,1,7,8.0,1,1
222,1109,,1,0,10,57.0,1,1
223,1110,,1,1,10,50.0,1,1
224,1133,,2,1,8,45.0,0,2
225,1134,,1,0,10,45.0,1,1
226,1139,,2,0,8,42.0,1,1
227,1142,,2,1,8,0.92,1,2
228,1154,,2,1,7,29.0,0,2
229,1155,,3,1,5,1.0,1,1
230,1173,,3,0,5,0.75,1,1
231,1175,,3,1,6,9.0,1,1
232,1176,,3,1,6,2.0,1,1
233,1185,,1,0,10,53.0,1,1
234,1188,,2,1,1,1.0,1,2
235,1194,,2,0,6,43.0,0,1
236,1198,,1,0,10,30.0,1,2
237,1199,,3,0,4,0.83,0,1
238,1200,,1,0,10,55.0,1,1
239,1218,,2,1,8,12.0,2,1
240,1222,,2,1,8,48.0,0,2
241,1225,,3,1,6,19.0,1,1
243,1235,,1,1,1,58.0,0,1
245,1242,,1,1,9,45.0,0,1
246,1245,,2,0,9,49.0,1,2
247,1246,,3,1,6,0.17,1,2
248,1252,,3,0,9,14.5,8,2
249,1253,,2,1,8,24.0,1,1
251,1260,,1,1,9,45.0,0,1
252,1266,,1,1,10,54.0,1,1
253,1271,,3,0,8,5.0,4,2
254,1277,,2,1,9,24.0,1,2
255,1281,,3,0,6,6.0,3,1
256,1283,,1,1,8,51.0,0,1
257,1284,,3,0,6,13.0,0,2
258,1286,,3,0,7,29.0,3,1
259,1289,,1,1,10,48.0,1,1
260,1294,,1,1,9,22.0,0,1
261,1299,,1,0,10,50.0,1,1
262,1301,,3,1,5,3.0,1,1
25,141,0.0,3,1,6,24.0,0,2
30,160,0.0,3,0,9,6.0,8,2
37,181,0.0,3,1,9,8.0,8,2
43,202,0.0,3,0,9,17.0,8,2
68,325,0.0,3,0,9,17.0,8,2
156,793,0.0,3,1,9,8.0,8,2
170,847,0.0,3,0,9,17.0,8,2
178,864,0.0,3,1,9,8.0,8,2
216,1080,,3,1,9,8.0,8,2
242,1234,,3,0,9,30.0,1,9
244,1236,,3,0,6,12.0,1,1
250,1257,,3,1,9,29.0,1,9
